{
    "swagger": "2.0",
    "info": {
        "contact": {}
    },
    "paths": {
        "/api/auth/login": {
            "post": {
                "description": "Authenticate user credentials and generate JWT token",
                "consumes": [
                    "application/json"
                ],
                "produces": [
                    "application/json"
                ],
                "tags": [
                    "auth"
                ],
                "summary": "Login",
                "parameters": [
                    {
                        "description": "User credentials",
                        "name": "creds",
                        "in": "body",
                        "required": true,
                        "schema": {
                            "$ref": "#/definitions/authHandlers.LoginRequest"
                        }
                    }
                ],
                "responses": {
                    "200": {
                        "description": "OK",
                        "schema": {
                            "$ref": "#/definitions/authHandlers.LoginResponse"
                        }
                    },
                    "400": {
                        "description": "Bad Request",
                        "schema": {
                            "type": "object",
                            "additionalProperties": {
                                "type": "string"
                            }
                        }
                    },
                    "401": {
                        "description": "Unauthorized",
                        "schema": {
                            "type": "object",
                            "additionalProperties": {
                                "type": "string"
                            }
                        }
                    },
                    "500": {
                        "description": "Internal Server Error",
                        "schema": {
                            "type": "object",
                            "additionalProperties": {
                                "type": "string"
                            }
                        }
                    }
                }
            }
        },
        "/api/auth/register": {
            "post": {
                "description": "Register a new user",
                "consumes": [
                    "application/json"
                ],
                "produces": [
                    "application/json"
                ],
                "tags": [
                    "auth"
                ],
                "summary": "Register",
                "parameters": [
                    {
                        "description": "User object to register",
                        "name": "user",
                        "in": "body",
                        "required": true,
                        "schema": {
                            "$ref": "#/definitions/authHandlers.RegisterRequest"
                        }
                    }
                ],
                "responses": {
                    "200": {
                        "description": "OK",
                        "schema": {
                            "$ref": "#/definitions/authHandlers.RegisterResponse"
                        }
                    },
                    "400": {
                        "description": "Bad Request",
                        "schema": {
                            "type": "object",
                            "additionalProperties": {
                                "type": "string"
                            }
                        }
                    },
                    "500": {
                        "description": "Internal Server Error",
                        "schema": {
                            "type": "object",
                            "additionalProperties": {
                                "type": "string"
                            }
                        }
                    }
                }
            }
        },
        "/api/todo": {
            "post": {
                "description": "Create a new todo item for the authenticated user",
                "consumes": [
                    "application/json"
                ],
                "produces": [
                    "application/json"
                ],
                "tags": [
                    "todo"
                ],
                "summary": "Create a new todo",
                "parameters": [
                    {
                        "type": "string",
                        "description": "JWT access token",
                        "name": "Authorization",
                        "in": "header",
                        "required": true
                    },
                    {
                        "description": "Todo object to be created",
                        "name": "todo",
                        "in": "body",
                        "required": true,
                        "schema": {
                            "$ref": "#/definitions/todoHandlers.CreateTodoRequest"
                        }
                    }
                ],
                "responses": {
                    "201": {
                        "description": "Created",
                        "schema": {
                            "$ref": "#/definitions/todoHandlers.CreateTodoResponse"
                        }
                    },
                    "400": {
                        "description": "Bad Request",
                        "schema": {
                            "type": "object",
                            "additionalProperties": {
                                "type": "string"
                            }
                        }
                    },
                    "401": {
                        "description": "Unauthorized",
                        "schema": {
                            "type": "object",
                            "additionalProperties": {
                                "type": "string"
                            }
                        }
                    },
                    "500": {
                        "description": "Internal Server Error",
                        "schema": {
                            "type": "object",
                            "additionalProperties": {
                                "type": "string"
                            }
                        }
                    }
                }
            }
        },
        "/api/todo/{todoId}": {
            "put": {
                "description": "Update a todo item for the authenticated user by its ID",
                "consumes": [
                    "application/json"
                ],
                "produces": [
                    "application/json"
                ],
                "tags": [
                    "todo"
                ],
                "summary": "Update a todo by ID",
                "parameters": [
                    {
                        "type": "string",
                        "description": "JWT access token",
                        "name": "Authorization",
                        "in": "header",
                        "required": true
                    },
                    {
                        "type": "string",
                        "description": "Todo ID to update",
                        "name": "todoId",
                        "in": "path",
                        "required": true
                    },
                    {
                        "description": "Updated todo details",
                        "name": "updateReq",
                        "in": "body",
                        "required": true,
                        "schema": {
                            "$ref": "#/definitions/todoHandlers.UpdateTodoRequest"
                        }
                    }
                ],
                "responses": {
                    "200": {
                        "description": "OK",
                        "schema": {
                            "$ref": "#/definitions/todoHandlers.UpdateTodoResponse"
                        }
                    },
                    "400": {
                        "description": "Bad Request",
                        "schema": {
                            "type": "object",
                            "additionalProperties": {
                                "type": "string"
                            }
                        }
                    },
                    "401": {
                        "description": "Unauthorized",
                        "schema": {
                            "type": "object",
                            "additionalProperties": {
                                "type": "string"
                            }
                        }
                    },
                    "404": {
                        "description": "Not Found",
                        "schema": {
                            "type": "object",
                            "additionalProperties": {
                                "type": "string"
                            }
                        }
                    },
                    "500": {
                        "description": "Internal Server Error",
                        "schema": {
                            "type": "object",
                            "additionalProperties": {
                                "type": "string"
                            }
                        }
                    }
                }
            },
            "delete": {
                "description": "Delete a todo item belonging to the authenticated user by its ID",
                "produces": [
                    "application/json"
                ],
                "tags": [
                    "todo"
                ],
                "summary": "Delete a todo by ID",
                "parameters": [
                    {
                        "type": "string",
                        "description": "JWT access token",
                        "name": "Authorization",
                        "in": "header",
                        "required": true
                    },
                    {
                        "type": "string",
                        "description": "Todo ID to delete",
                        "name": "todoId",
                        "in": "path",
                        "required": true
                    }
                ],
                "responses": {
                    "200": {
                        "description": "OK",
                        "schema": {
                            "$ref": "#/definitions/todoHandlers.DeleteResponse"
                        }
                    },
                    "400": {
                        "description": "Bad Request",
                        "schema": {
                            "type": "object",
                            "additionalProperties": {
                                "type": "string"
                            }
                        }
                    },
                    "401": {
                        "description": "Unauthorized",
                        "schema": {
                            "type": "object",
                            "additionalProperties": {
                                "type": "string"
                            }
                        }
                    },
                    "500": {
                        "description": "Internal Server Error",
                        "schema": {
                            "type": "object",
                            "additionalProperties": {
                                "type": "string"
                            }
                        }
                    }
                }
            }
        },
        "/api/todo/{todoId}/complete": {
            "put": {
                "description": "Mark a todo item as complete for the authenticated user by its ID",
                "produces": [
                    "application/json"
                ],
                "tags": [
                    "todo"
                ],
                "summary": "Mark a todo as complete",
                "parameters": [
                    {
                        "type": "string",
                        "description": "JWT access token",
                        "name": "Authorization",
                        "in": "header",
                        "required": true
                    },
                    {
                        "type": "string",
                        "description": "Todo ID to mark as complete",
                        "name": "todoId",
                        "in": "path",
                        "required": true
                    }
                ],
                "responses": {
                    "200": {
                        "description": "OK",
                        "schema": {
                            "$ref": "#/definitions/todoHandlers.MarkTodoResponse"
                        }
                    },
                    "400": {
                        "description": "Bad Request",
                        "schema": {
                            "type": "object",
                            "additionalProperties": {
                                "type": "string"
                            }
                        }
                    },
                    "401": {
                        "description": "Unauthorized",
                        "schema": {
                            "type": "object",
                            "additionalProperties": {
                                "type": "string"
                            }
                        }
                    },
                    "500": {
                        "description": "Internal Server Error",
                        "schema": {
                            "type": "object",
                            "additionalProperties": {
                                "type": "string"
                            }
                        }
                    }
                }
            }
        },
        "/api/user/todos": {
            "get": {
                "description": "Retrieve todo items belonging to the authenticated user",
                "produces": [
                    "application/json"
                ],
                "tags": [
                    "todo"
                ],
                "summary": "Get todo items by user ID",
                "parameters": [
                    {
                        "type": "string",
                        "description": "JWT access token",
                        "name": "Authorization",
                        "in": "header",
                        "required": true
                    },
                    {
                        "type": "integer",
                        "description": "Number of items per page (default is 4)",
                        "name": "pageSize",
                        "in": "query"
                    },
                    {
                        "type": "string",
                        "description": "Page state for pagination",
                        "name": "pageState",
                        "in": "query"
                    },
                    {
                        "type": "string",
                        "description": "Field to sort by",
                        "name": "sortBy",
                        "in": "query"
                    },
                    {
                        "type": "string",
                        "description": "Sort by created_at",
                        "name": "sortByTime",
                        "in": "query"
                    }
                ],
                "responses": {
                    "200": {
                        "description": "OK",
                        "schema": {
                            "$ref": "#/definitions/todoHandlers.GetTodosResponse"
                        }
                    },
                    "400": {
                        "description": "Bad Request",
                        "schema": {
                            "type": "object",
                            "additionalProperties": {
                                "type": "string"
                            }
                        }
                    },
                    "401": {
                        "description": "Unauthorized",
                        "schema": {
                            "type": "object",
                            "additionalProperties": {
                                "type": "string"
                            }
                        }
                    },
                    "500": {
                        "description": "Internal Server Error",
                        "schema": {
                            "type": "object",
                            "additionalProperties": {
                                "type": "string"
                            }
                        }
                    }
                }
            }
        }
    },
    "definitions": {
        "authHandlers.LoginRequest": {
            "type": "object",
            "properties": {
                "email": {
                    "type": "string"
                },
                "password": {
                    "type": "string"
                }
            }
        },
        "authHandlers.LoginResponse": {
            "type": "object",
            "properties": {
                "message": {
                    "type": "string"
                },
                "token": {
                    "type": "string"
                },
                "user": {
                    "$ref": "#/definitions/db.User"
                }
            }
        },
        "authHandlers.RegisterRequest": {
            "type": "object",
            "properties": {
                "email": {
                    "type": "string"
                },
                "password": {
                    "type": "string"
                },
                "username": {
                    "type": "string"
                }
            }
        },
        "authHandlers.RegisterResponse": {
            "type": "object",
            "properties": {
                "message": {
                    "type": "string"
                },
                "user": {
                    "$ref": "#/definitions/db.User"
                }
            }
        },
        "db.Todo": {
            "type": "object",
            "properties": {
                "createdAt": {
                    "type": "string"
                },
                "description": {
                    "type": "string"
                },
                "id": {
                    "type": "string"
                },
                "status": {
                    "type": "string"
                },
                "title": {
                    "type": "string"
                },
                "updatedAt": {
                    "type": "string"
                },
                "userId": {
                    "type": "string"
                }
            }
        },
        "db.User": {
            "type": "object",
            "properties": {
                "createdAt": {
                    "type": "string"
                },
                "email": {
                    "type": "string"
                },
                "id": {
                    "type": "string"
                },
                "password": {
                    "type": "string"
                },
                "todos": {
                    "type": "array",
                    "items": {
                        "$ref": "#/definitions/db.Todo"
                    }
                },
                "username": {
                    "type": "string"
                }
            }
        },
        "todoHandlers.CreateTodoRequest": {
            "type": "object",
            "properties": {
                "description": {
                    "type": "string"
                },
                "title": {
                    "type": "string"
                }
            }
        },
        "todoHandlers.CreateTodoResponse": {
            "type": "object",
            "properties": {
                "message": {
                    "type": "string"
                },
                "todo": {
                    "$ref": "#/definitions/db.Todo"
                }
            }
        },
        "todoHandlers.DeleteResponse": {
            "type": "object",
            "properties": {
                "message": {
                    "type": "string"
                }
            }
        },
        "todoHandlers.GetTodosResponse": {
            "type": "object",
            "properties": {
                "nextPageState": {
                    "type": "string"
                },
                "todos": {
                    "type": "array",
                    "items": {
                        "$ref": "#/definitions/db.Todo"
                    }
                }
            }
        },
        "todoHandlers.MarkTodoResponse": {
            "type": "object",
            "properties": {
                "message": {
                    "type": "string"
                },
                "todo": {
                    "$ref": "#/definitions/db.Todo"
                }
            }
        },
        "todoHandlers.UpdateTodoRequest": {
            "type": "object",
            "properties": {
                "description": {
                    "type": "string"
                },
                "title": {
                    "type": "string"
                }
            }
        },
        "todoHandlers.UpdateTodoResponse": {
            "type": "object",
            "properties": {
                "message": {
                    "type": "string"
                },
                "todo": {
                    "$ref": "#/definitions/db.Todo"
                }
            }
        }
    }
}